Subject,Question_ID,Question,Correct_Answer,llama3_1_8b_Output,llama3_1_8b_Fact_Score,llama3_1_8b_Quality_Score,llama3_1_8b_Judge_Reasoning,llama3_1_8b_Latency_ms,llama3_1_8b_Correct,gemma2_9b_Output,gemma2_9b_Fact_Score,gemma2_9b_Quality_Score,gemma2_9b_Judge_Reasoning,gemma2_9b_Latency_ms,gemma2_9b_Correct,mistral-nemo_12b_Output,mistral-nemo_12b_Fact_Score,mistral-nemo_12b_Quality_Score,mistral-nemo_12b_Judge_Reasoning,mistral-nemo_12b_Latency_ms,mistral-nemo_12b_Correct
Biology,Question_Paper_13_p58_q166,"Which of the following is not a connective tissue?

Options:
A: Cartilage
B: Neuroglia
C: Blood
D: Adipose tissue",B,"The correct answer is B: Neuroglia.

Explanation:

Connective tissues are characterized by their ability to support, bind, and connect other tissues in the body. They provide structure, support, and a framework for organs and tissues.

Cartilage (A) is an example of a type of connective tissue that provides cushioning and support to joints and other areas of the body.

Blood (C) is also a type of connective tissue that transports nutrients, oxygen, and waste products throughout the body.

Adipose tissue (D) is another type of connective tissue that stores energy in the form of fat.

Neuroglia (B), on the other hand, are non-neuronal cells that provide support and protection to neurons in the central nervous system. They do not have a structural or supportive function like connective tissues, but rather play a role in maintaining the environment around neurons.

Therefore, Neuroglia is not considered a type of connective tissue.",10,9,"The response demonstrates a clear understanding of connective tissues and effectively uses proper biological terminology. The logical reasoning is strong, as it systematically explains why each option is or is not a connective tissue, leading to a correct conclusion. The only minor point of improvement could be a more explicit mention of the classification of neuroglia as part of the nervous tissue category, but overall, the explanation is accurate and well-structured.",7807.7,True,"The correct answer is **B: Neuroglia**. 

Here's why:

Connective tissues are characterized by cells scattered within an extracellular matrix. This matrix can be solid, semi-solid, or fluid and provides support, structure, and connection to other tissues.  

* **Cartilage**, **blood**, and **adipose tissue** all fit this description. 
* **Neuroglia**, on the other hand, are specialized cells that support and protect neurons in the nervous system. They are not considered connective tissue.",10,9,"The response demonstrates a strong understanding of biological terminology and clearly explains the characteristics of connective tissues, effectively distinguishing them from neuroglia. The logical reasoning is well-structured, providing a clear rationale for why neuroglia is not classified as connective tissue. The only minor point of improvement could be a more detailed explanation of the functions of neuroglia to enhance clarity further.",4778.3,True,"The correct answer is D: Adipose tissue. Adipose tissue is primarily composed of fat cells (adipocytes) and serves as an energy reserve in the body, while cartilage, neuroglia, and blood are all types of connective tissues that perform different functions such as support, protection, and transportation respectively.

Translation:
D: 脂肪组织",0,4,"The response incorrectly identifies adipose tissue as not being a connective tissue, which is factually incorrect; adipose tissue is indeed a type of connective tissue. While the explanation of the other options is somewhat clear, the logical reasoning is flawed due to the incorrect answer, leading to a significant impact on the overall correctness of the response.",6847.7,False
Biology,Question_Paper_29_p41_q189,"The parts of the human brain that help in the regulation of sexual behaviour, expression of excitement, pleasure, rage, fear etc. are:

Options:
A: Limbic system and hypothalamus
B: Corpora quadrigemina and hippocampus
C: Brain stem and epithalamus
D: Corpus callosum and thalamus",A,"Answer: A: Limbic system and hypothalamus

Explanation: The limbic system is a complex set of structures in the brain that are involved in emotions, motivation, and memory. It includes the hippocampus, amygdala, cingulate gyrus, and hypothalamus. The hypothalamus is a part of the diencephalon and plays a crucial role in regulating body temperature, hunger, thirst, fatigue, sleep, and circadian cycles. It also influences sexual behavior and expression of emotions like excitement, pleasure, rage, and fear.

The limbic system and hypothalamus work together to regulate various physiological and psychological processes, including emotional responses, motivation, and memory formation. They are responsible for processing sensory information, controlling the autonomic nervous system, and influencing hormone secretion, which in turn affects sexual behavior and expression of emotions.",10,9,"The response clearly identifies the correct answer (A: Limbic system and hypothalamus) and provides a well-structured explanation that accurately describes the roles of the limbic system and hypothalamus in regulating emotions and behaviors. The use of proper biological terminology is evident, and the logical flow of information effectively connects the concepts. However, a slight improvement could be made by explicitly linking the components of the limbic system to their specific functions in emotional regulation for even greater clarity.",2926.7,True,"**Answer:** A: Limbic system and hypothalamus 

**Explanation:**

The limbic system is a complex set of structures deep within the brain that plays a crucial role in processing emotions, motivation, and memory. Key components of the limbic system involved in regulating sexual behavior, excitement, pleasure, rage, and fear include the amygdala, hippocampus, and hypothalamus. 

The hypothalamus, located beneath the thalamus, is responsible for maintaining homeostasis and controlling many autonomic functions, including those related to sexual arousal and aggression.",10,9,"The response effectively identifies the correct answer (A: Limbic system and hypothalamus) and provides a clear explanation of the roles of the limbic system and hypothalamus in regulating emotions and behaviors. The use of proper biological terminology is evident, and the logical reasoning is sound, as it connects the components of the limbic system to their functions. However, a slight improvement could be made by explicitly mentioning the role of the amygdala in emotional regulation for even greater clarity.",2959.1,True,"**English Answer:** A

**Explanation:**
The limbic system, which includes structures like the amygdala, hippocampus, and hypothalamus, plays a crucial role in regulating emotions, including sexual behavior, excitement, pleasure, rage, and fear. Therefore, option A is correct.

**Translation:**
- **Hindi:** A
- **Bengali:** এ
- **Tamil:** ஏ",10,9,"The response clearly identifies the limbic system and hypothalamus as the correct answer, using appropriate biological terminology and providing a concise explanation of their roles in regulating emotions and behaviors. The logical reasoning is strong, as it connects the components of the limbic system to the functions mentioned in the question. The only minor point of improvement could be a more detailed breakdown of how each part contributes to the regulation of the specified behaviors.",2054.1,True
Chemistry,Question_Paper_10_p21_q53,"In one molal solution that contains 0.5 mole of a solute, there is:

Options:
A: 1000 g of solvent
B: 500 mL of solvent
C: 500 g of solvent
D: 100 mL of solvent",C,"The correct answer is C: 500 g of solvent.

Explanation:

One molal solution is defined as a solution that contains one mole of solute per kilogram of solvent. 

Given:
- Number of moles of solute = 0.5 mole
- Since it's a molal solution, the number of moles of solute should be equal to the mass of the solvent in kilograms.

To find the mass of the solvent (in kg), we can use the formula:

Mass of solvent (in kg) = Number of moles of solute

Since 1 mole is approximately equal to the atomic mass of the substance, and considering that the atomic mass of most elements is around 10-100 g/mol, let's assume an average atomic mass of 50 g/mol for simplicity.

However, in this case, we don't need to calculate the exact atomic mass because we are given the number of moles directly. We just need to find the corresponding mass of the solvent.

Since it's a molal solution, and there is 0.5 mole of solute, the mass of the solvent should be equal to 0.5 kg or 500 g.

Therefore, option C: 500 g of solvent is the correct answer.",10,8,"The response demonstrates a clear understanding of the definition of a molal solution and correctly identifies that 0.5 moles of solute corresponds to 500 g of solvent. The explanation is mostly clear, but the mention of atomic mass is unnecessary and could confuse the reader. The logical reasoning is sound, but the response could benefit from a more straightforward approach without extraneous details.",3514.7,True,"**Answer:** A: 1000 g of solvent

**Explanation:**

Molality is a measure of concentration defined as the number of moles of solute per kilogram of solvent.  

* In this case, we have a 1 molal solution, meaning there is 1 mole of solute for every 1 kilogram (1000 grams) of solvent.
* Since we have 0.5 moles of solute, we would need 0.5 kilograms (500 grams) of solvent to achieve a 1 molal solution.",0,4,"The response incorrectly identifies the amount of solvent needed for a 1 molal solution. While it correctly explains that molality is defined as moles of solute per kilogram of solvent, it mistakenly concludes that 0.5 moles of solute would require 1000 g of solvent instead of 500 g. This fundamental error in calculation significantly impacts the correctness of the answer, leading to a low score despite some clarity in the explanation.",3081.4,False,"The correct answer is C: 500 g of solvent.

Explanation in English:
In a molal solution, the amount of solute (in moles) determines the molality. Here, we have 0.5 mole of solute. The molality formula is:

Molality (m) = Moles of solute (n) / Mass of solvent (g)

To find the mass of solvent needed to make a molal solution with 0.5 mole of solute, we rearrange the formula to solve for g:

g = n / m

Assuming a typical molality of 1 mol/kg (which is common in many solutions), we have:

g = 0.5 moles / 1 mol/kg = 500 grams

So, 500 grams of solvent are needed to make the solution with 0.5 mole of solute.

Explanation in English for translation:
在一molal溶液中，溶质的量（以摩尔数计）决定了溶质度。这里我们有0.5摩尔的溶质。溶质度公式为：

溶质度（m）= 溶质摩尔数（n） / 溶剂质量（g）

要找出制备含有0.5摩尔溶质的molal溶液所需的溶剂质量，我们将公式重新排列以解决g：

g = n / m

假设溶质度为1 mol/kg（这是许多溶液中常见的），我们有：

g = 0.5摩尔 / 1 mol/kg = 500克

因此，需要500克溶剂来制备含有0.5摩尔溶质的溶液。",10,8,"The response clearly identifies the correct answer and provides a logical explanation of the molality concept, including the relevant formula and calculations. However, the assumption of a typical molality of 1 mol/kg could be misleading without clarification, as the question does not specify the molality. A more explicit connection between the given information and the calculation would enhance clarity and correctness.",6351.0,True
